<?xml version="1.0" encoding="UTF-8"?>
<configuration>

	<springProfile name="dev">

		<appender name="STDOUT" class="ch.qos.logback.core.ConsoleAppender">
			<encoder>
				<pattern>%-4relative [%thread] %-5level %logger{35} - %msg%n
				</pattern>
			</encoder>
		</appender>

		<appender name="ROLLING-FILE"
			class="ch.qos.logback.core.rolling.RollingFileAppender">
			<encoder>
				<pattern>[%p] %d{MM-dd-yyyy HH:mm:ss} [%t] %c %M - %m%n</pattern>
			</encoder>
			<file>DaasApplication.log</file>
			<rollingPolicy class="ch.qos.logback.core.rolling.TimeBasedRollingPolicy">
				<!-- daily rollover -->
				<fileNamePattern>DaasApplication.%d{yyyy-MM-dd}.log
				</fileNamePattern>
			</rollingPolicy>
		</appender>

		<root level="INFO">
			<appender-ref ref="ROLLING-FILE" />
			<appender-ref ref="STDOUT" />
		</root>

	</springProfile>


	<springProfile name="prod">

		<appender name="STDOUT" class="ch.qos.logback.core.ConsoleAppender">
			<encoder>
				<pattern>[%p] %d{MM-dd-yyyy HH:mm:ss} [%t] %c %M - %m%n</pattern>
			</encoder>
		</appender>

		<appender name="ROLLING-FILE"
			class="ch.qos.logback.core.rolling.RollingFileAppender">
			<encoder>
				<pattern>[%p] %d{MM-dd-yyyy HH:mm:ss} [%t] %c %M - %m%n</pattern>
			</encoder>
			<file>DaasApplication.log</file>
			<rollingPolicy class="ch.qos.logback.core.rolling.TimeBasedRollingPolicy">
				<!-- daily rollover -->
				<fileNamePattern>DaasApplication.%d{yyyy-MM-dd}.log
				</fileNamePattern>
			</rollingPolicy>
		</appender>

		<root level="ERROR">
			<appender-ref ref="ROLLING-FILE" />
			<appender-ref ref="STDOUT" />
		</root>

	</springProfile>

</configuration>

