"id","data_acquisition_batch_request_id","status","app_inst_id","application_name","data_group","app_inst_name","app_inst_reviewer_name","app_inst_lvl_4_bus_org","app_inst_lvl_4_bus_org_owner","app_inst_dev_country","stamp_created","stamp_updated"
1,1,"NA",244392,"ABONO A COMERCIOS","Transaction and Payments Details","ABONO A COMERCIOS MX","Raul GOMEZ","Retail Banking & Wealth Management","David A GRIMME","Mexico","2017-05-30 10:27:46",
2,2,"NA",244392,"ABONO A COMERCIOS","Transaction and Payments Details","ABONO A COMERCIOS MX","Raul GOMEZ","Retail Banking & Wealth Management","David A GRIMME","Mexico","2017-05-30 10:37:50",
3,3,"NA",244392,"ABONO A COMERCIOS","Transaction and Payments Details","ABONO A COMERCIOS MX","Raul GOMEZ","Retail Banking & Wealth Management","David A GRIMME","Mexico","2017-05-30 11:01:59",
4,4,"NA",244392,"ABONO A COMERCIOS","Transaction and Payments Details","ABONO A COMERCIOS MX","Raul GOMEZ","Retail Banking & Wealth Management","David A GRIMME","Mexico","2017-05-30 11:05:52",
5,5,"NA",244392,"ABONO A COMERCIOS","Transaction and Payments Details","ABONO A COMERCIOS MX","Raul GOMEZ","Retail Banking & Wealth Management","David A GRIMME","Mexico","2017-05-30 12:00:10",
6,6,"NA",244392,"ABONO A COMERCIOS","Transaction and Payments Details","ABONO A COMERCIOS MX","Raul GOMEZ","Retail Banking & Wealth Management","David A GRIMME","Mexico","2017-05-30 12:03:52",
7,7,"NA",244392,"ABONO A COMERCIOS","Transaction and Payments Details","ABONO A COMERCIOS MX","Raul GOMEZ","Retail Banking & Wealth Management","David A GRIMME","Mexico","2017-05-30 12:06:29",
8,8,"NA",244392,"ABONO A COMERCIOS","Transaction and Payments Details","ABONO A COMERCIOS MX","Raul GOMEZ","Retail Banking & Wealth Management","David A GRIMME","Mexico","2017-05-31 11:18:45",
9,9,"NA",244392,"ABONO A COMERCIOS","Transaction and Payments Details","ABONO A COMERCIOS MX","Raul GOMEZ","Retail Banking & Wealth Management","David A GRIMME","Mexico","2017-05-31 12:09:58",
10,10,"NA",244392,"ABONO A COMERCIOS","Transaction and Payments Details","ABONO A COMERCIOS MX","Raul GOMEZ","Retail Banking & Wealth Management","David A GRIMME","Mexico","2017-05-31 12:11:53",
11,11,"NA",244392,"ABONO A COMERCIOS","Transaction and Payments Details","ABONO A COMERCIOS MX","Raul GOMEZ","Retail Banking & Wealth Management","David A GRIMME","Mexico","2017-05-31 12:26:58",
12,12,"NA",244392,"ABONO A COMERCIOS","Transaction and Payments Details","ABONO A COMERCIOS MX","Raul GOMEZ","Retail Banking & Wealth Management","David A GRIMME","Mexico","2017-05-31 12:29:52",
13,13,"NA",244392,"ABONO A COMERCIOS","Transaction and Payments Details","ABONO A COMERCIOS MX","Raul GOMEZ","Retail Banking & Wealth Management","David A GRIMME","Mexico","2017-05-31 12:35:05",
14,14,"NA",244392,"ABONO A COMERCIOS","Transaction and Payments Details","ABONO A COMERCIOS MX","Raul GOMEZ","Retail Banking & Wealth Management","David A GRIMME","Mexico","2017-05-31 12:38:05",
15,15,"NA",244392,"ABONO A COMERCIOS","Transaction and Payments Details","ABONO A COMERCIOS MX","Raul GOMEZ","Retail Banking & Wealth Management","David A GRIMME","Mexico","2017-05-31 12:40:06",
16,16,"NA",244392,"ABONO A COMERCIOS","Transaction and Payments Details","ABONO A COMERCIOS MX","Raul GOMEZ","Retail Banking & Wealth Management","David A GRIMME","Mexico","2017-05-31 12:42:53",
17,17,"NA",244392,"ABONO A COMERCIOS","Transaction and Payments Details","ABONO A COMERCIOS MX","Raul GOMEZ","Retail Banking & Wealth Management","David A GRIMME","Mexico","2017-05-31 12:44:48",
18,18,"NA",244392,"ABONO A COMERCIOS","Transaction and Payments Details","ABONO A COMERCIOS MX","Raul GOMEZ","Retail Banking & Wealth Management","David A GRIMME","Mexico","2017-05-31 12:48:30",
19,19,"NA",244392,"ABONO A COMERCIOS","Transaction and Payments Details","ABONO A COMERCIOS MX","Raul GOMEZ","Retail Banking & Wealth Management","David A GRIMME","Mexico","2017-05-31 12:49:54",
20,20,"NA",244392,"ABONO A COMERCIOS","Transaction and Payments Details","ABONO A COMERCIOS MX","Raul GOMEZ","Retail Banking & Wealth Management","David A GRIMME","Mexico","2017-05-31 12:55:07",
21,21,"NA",244392,"ABONO A COMERCIOS","Transaction and Payments Details","ABONO A COMERCIOS MX","Raul GOMEZ","Retail Banking & Wealth Management","David A GRIMME","Mexico","2017-05-31 12:57:11",
22,22,"NA",244392,"ABONO A COMERCIOS","Transaction and Payments Details","ABONO A COMERCIOS MX","Raul GOMEZ","Retail Banking & Wealth Management","David A GRIMME","Mexico","2017-05-31 12:58:36",
23,23,"NA",244392,"ABONO A COMERCIOS","Transaction and Payments Details","ABONO A COMERCIOS MX","Raul GOMEZ","Retail Banking & Wealth Management","David A GRIMME","Mexico","2017-06-03 19:25:39",
24,24,"NA",244392,"ABONO A COMERCIOS","Transaction and Payments Details","ABONO A COMERCIOS MX","Raul GOMEZ","Retail Banking & Wealth Management","David A GRIMME","Mexico","2017-06-04 07:58:43",
25,25,"NA",244392,"ABONO A COMERCIOS","Transaction and Payments Details","ABONO A COMERCIOS MX","Raul GOMEZ","Retail Banking & Wealth Management","David A GRIMME","Mexico","2017-06-04 08:11:20",
26,26,"NA",244392,"ABONO A COMERCIOS","Transaction and Payments Details","ABONO A COMERCIOS MX","Raul GOMEZ","Retail Banking & Wealth Management","David A GRIMME","Mexico","2017-06-05 07:08:56",
27,27,"NA",244392,"ABONO A COMERCIOS","Transaction and Payments Details","ABONO A COMERCIOS MX","Raul GOMEZ","Retail Banking & Wealth Management","David A GRIMME","Mexico","2017-06-05 07:25:56",
28,28,"NA",244392,"ABONO A COMERCIOS","Transaction and Payments Details","ABONO A COMERCIOS MX","Raul GOMEZ","Retail Banking & Wealth Management","David A GRIMME","Mexico","2017-06-05 07:33:14",
29,29,"NA",244392,"ABONO A COMERCIOS","Transaction and Payments Details","ABONO A COMERCIOS MX","Raul GOMEZ","Retail Banking & Wealth Management","David A GRIMME","Mexico","2017-06-05 08:21:22",
30,30,"NA",244392,"ABONO A COMERCIOS","Transaction and Payments Details","ABONO A COMERCIOS MX","Raul GOMEZ","Retail Banking & Wealth Management","David A GRIMME","Mexico","2017-06-05 10:26:25",
31,31,"NA",244392,"ABONO A COMERCIOS","Transaction and Payments Details","ABONO A COMERCIOS MX","Raul GOMEZ","Retail Banking & Wealth Management","David A GRIMME","Mexico","2017-06-05 19:01:35",
32,32,"NA",244392,"ABONO A COMERCIOS","Transaction and Payments Details","ABONO A COMERCIOS MX","Raul GOMEZ","Retail Banking & Wealth Management","David A GRIMME","Mexico","2017-06-06 05:08:47",
33,33,"NA",244392,"ABONO A COMERCIOS","Transaction and Payments Details","ABONO A COMERCIOS MX","Raul GOMEZ","Retail Banking & Wealth Management","David A GRIMME","Mexico","2017-06-06 05:33:15",
34,34,"NA",244392,"ABONO A COMERCIOS","Transaction and Payments Details","ABONO A COMERCIOS MX","Raul GOMEZ","Retail Banking & Wealth Management","David A GRIMME","Mexico","2017-06-06 05:53:06",
35,35,"NA",244392,"ABONO A COMERCIOS","Transaction and Payments Details","ABONO A COMERCIOS MX","Raul GOMEZ","Retail Banking & Wealth Management","David A GRIMME","Mexico","2017-06-06 05:57:09",
36,36,"NA",244392,"ABONO A COMERCIOS","Transaction and Payments Details","ABONO A COMERCIOS MX","Raul GOMEZ","Retail Banking & Wealth Management","David A GRIMME","Mexico","2017-06-06 10:49:18",
37,37,"NA",244392,"ABONO A COMERCIOS","Transaction and Payments Details","ABONO A COMERCIOS MX","Raul GOMEZ","Retail Banking & Wealth Management","David A GRIMME","Mexico","2017-06-06 10:51:04",
38,38,"NA",244392,"ABONO A COMERCIOS","Transaction and Payments Details","ABONO A COMERCIOS MX","Raul GOMEZ","Retail Banking & Wealth Management","David A GRIMME","Mexico","2017-06-06 10:53:09",
39,39,"NA",244392,"ABONO A COMERCIOS","Transaction and Payments Details","ABONO A COMERCIOS MX","Raul GOMEZ","Retail Banking & Wealth Management","David A GRIMME","Mexico","2017-06-06 13:41:45",
40,40,"NA",244392,"ABONO A COMERCIOS","Transaction and Payments Details","ABONO A COMERCIOS MX","Raul GOMEZ","Retail Banking & Wealth Management","David A GRIMME","Mexico","2017-06-07 07:44:05",
41,41,"NA",244392,"ABONO A COMERCIOS","Transaction and Payments Details","ABONO A COMERCIOS MX","Raul GOMEZ","Retail Banking & Wealth Management","David A GRIMME","Mexico","2017-06-07 07:58:43",
42,42,"NA",244392,"ABONO A COMERCIOS","Transaction and Payments Details","ABONO A COMERCIOS MX","Raul GOMEZ","Retail Banking & Wealth Management","David A GRIMME","Mexico","2017-06-07 18:44:09",
43,43,"NA",244392,"ABONO A COMERCIOS","Transaction and Payments Details","ABONO A COMERCIOS MX","Raul GOMEZ","Retail Banking & Wealth Management","David A GRIMME","Mexico","2017-06-07 19:46:55",
44,44,"NA",244392,"ABONO A COMERCIOS","Transaction and Payments Details","ABONO A COMERCIOS MX","Raul GOMEZ","Retail Banking & Wealth Management","David A GRIMME","Mexico","2017-06-08 07:02:50",
45,45,"NA",244392,"ABONO A COMERCIOS","Transaction and Payments Details","ABONO A COMERCIOS MX","Raul GOMEZ","Retail Banking & Wealth Management","David A GRIMME","Mexico","2017-06-08 11:04:21",
46,46,"NA",244392,"ABONO A COMERCIOS","Transaction and Payments Details","ABONO A COMERCIOS MX","Raul GOMEZ","Retail Banking & Wealth Management","David A GRIMME","Mexico","2017-06-08 19:02:09",
47,47,"NA",244392,"ABONO A COMERCIOS","Transaction and Payments Details","ABONO A COMERCIOS MX","Raul GOMEZ","Retail Banking & Wealth Management","David A GRIMME","Mexico","2017-06-08 19:23:39",
48,48,"NA",244392,"ABONO A COMERCIOS","Transaction and Payments Details","ABONO A COMERCIOS MX","Raul GOMEZ","Retail Banking & Wealth Management","David A GRIMME","Mexico","2017-06-08 19:29:31",
49,49,"NA",244392,"ABONO A COMERCIOS","Transaction and Payments Details","ABONO A COMERCIOS MX","Raul GOMEZ","Retail Banking & Wealth Management","David A GRIMME","Mexico","2017-06-09 06:19:10",
50,50,"NA",244392,"ABONO A COMERCIOS","Transaction and Payments Details","ABONO A COMERCIOS MX","Raul GOMEZ","Retail Banking & Wealth Management","David A GRIMME","Mexico","2017-06-09 06:43:33",
51,51,"NA",244392,"ABONO A COMERCIOS","Transaction and Payments Details","ABONO A COMERCIOS MX","Raul GOMEZ","Retail Banking & Wealth Management","David A GRIMME","Mexico","2017-06-09 07:33:04",
52,52,"NA",244392,"ABONO A COMERCIOS","Transaction and Payments Details","ABONO A COMERCIOS MX","Raul GOMEZ","Retail Banking & Wealth Management","David A GRIMME","Mexico","2017-06-12 11:51:53",
53,53,"NA",244392,"ABONO A COMERCIOS","Transaction and Payments Details","ABONO A COMERCIOS MX","Raul GOMEZ","Retail Banking & Wealth Management","David A GRIMME","Mexico","2017-06-12 12:36:33",
54,54,"NA",244392,"ABONO A COMERCIOS","Transaction and Payments Details","ABONO A COMERCIOS MX","Raul GOMEZ","Retail Banking & Wealth Management","David A GRIMME","Mexico","2017-06-12 12:38:01",
55,55,"NA",244392,"ABONO A COMERCIOS","Transaction and Payments Details","ABONO A COMERCIOS MX","Raul GOMEZ","Retail Banking & Wealth Management","David A GRIMME","Mexico","2017-06-12 12:41:06",
56,56,"NA",244392,"ABONO A COMERCIOS","Transaction and Payments Details","ABONO A COMERCIOS MX","Raul GOMEZ","Retail Banking & Wealth Management","David A GRIMME","Mexico","2017-06-12 13:07:01",
57,57,"NA",868592,"Accesos","Access Control Details","ACCESOS ADA HTCL","Raul GOMEZ","Global Risk","Ray N O'BRIEN","Chile","2017-06-12 19:01:49",
58,57,"NA",355351,"Altus Emessaging","Access Control Details","ALTUS EMESSAGING","Raul GOMEZ","Retail Banking & Wealth Management","David A GRIMME","United Kingdom","2017-06-12 19:01:49",
59,58,"NA",868592,"Accesos","Access Control Details","ACCESOS ADA HTCL","Raul GOMEZ","Global Risk","Ray N O'BRIEN","Chile","2017-06-12 19:07:11",
60,58,"NA",355351,"Altus Emessaging","Access Control Details","ALTUS EMESSAGING","Raul GOMEZ","Retail Banking & Wealth Management","David A GRIMME","United Kingdom","2017-06-12 19:07:11",
61,59,"NA",868592,"Accesos","Access Control Details","ACCESOS ADA HTCL","Raul GOMEZ","Global Risk","Ray N O'BRIEN","Chile","2017-06-12 19:08:38",
62,59,"NA",355351,"Altus Emessaging","Access Control Details","ALTUS EMESSAGING","Raul GOMEZ","Retail Banking & Wealth Management","David A GRIMME","United Kingdom","2017-06-12 19:08:38",
63,60,"NA",244392,"ABONO A COMERCIOS","Transaction and Payments Details","ABONO A COMERCIOS MX","Raul GOMEZ","Retail Banking & Wealth Management","David A GRIMME","Mexico","2017-06-13 07:19:28",
64,61,"NA",868592,"Accesos","Access Control Details","ACCESOS ADA HTCL","Raul GOMEZ","Global Risk","Ray N O'BRIEN","Chile","2017-06-13 07:23:03",
65,62,"NA",244392,"ABONO A COMERCIOS","Transaction and Payments Details","ABONO A COMERCIOS MX","Raul GOMEZ","Retail Banking & Wealth Management","David A GRIMME","Mexico","2017-06-13 08:06:51",
66,63,"NA",244392,"ABONO A COMERCIOS","Transaction and Payments Details","ABONO A COMERCIOS MX","Raul GOMEZ","Retail Banking & Wealth Management","David A GRIMME","Mexico","2017-06-13 12:17:15",
67,64,"NA",244392,"ABONO A COMERCIOS","Transaction and Payments Details","ABONO A COMERCIOS MX","Raul GOMEZ","Retail Banking & Wealth Management","David A GRIMME","Mexico","2017-06-14 05:39:06",
68,65,"NA",244392,"ABONO A COMERCIOS","Transaction and Payments Details","ABONO A COMERCIOS MX","Raul GOMEZ","Retail Banking & Wealth Management","David A GRIMME","Mexico","2017-06-14 05:52:57",
69,66,"NA",244392,"ABONO A COMERCIOS","Transaction and Payments Details","ABONO A COMERCIOS MX","Raul GOMEZ","Retail Banking & Wealth Management","David A GRIMME","Mexico","2017-06-14 05:57:55",
70,67,"NA",244392,"ABONO A COMERCIOS","Transaction and Payments Details","ABONO A COMERCIOS MX","Raul GOMEZ","Retail Banking & Wealth Management","David A GRIMME","Mexico","2017-06-14 06:33:55",
71,68,"NA",275277,"ACCESO A NEGOCIOS","Contract Limit","ACCESO A NEGOCIOS","Raul GOMEZ","HOST","Andy MAGUIRE","Mexico","2017-06-14 09:15:52",
72,69,"NA",868592,"Accesos","Access Control Details","ACCESOS ADA HTCL","Raul GOMEZ","Global Risk","Ray N O'BRIEN","Chile","2017-06-14 09:17:23",
73,70,"NA",244392,"ABONO A COMERCIOS","Transaction and Payments Details","ABONO A COMERCIOS MX","Raul GOMEZ","Retail Banking & Wealth Management","David A GRIMME","Mexico","2017-06-14 10:20:29",
74,71,"NA",244392,"ABONO A COMERCIOS","Transaction and Payments Details","ABONO A COMERCIOS MX","Raul GOMEZ","Retail Banking & Wealth Management","David A GRIMME","Mexico","2017-06-14 11:49:18",
75,72,"NA",244392,"ABONO A COMERCIOS","Transaction and Payments Details","ABONO A COMERCIOS MX","Raul GOMEZ","Retail Banking & Wealth Management","David A GRIMME","Mexico","2017-06-14 12:57:07",
76,73,"NA",868592,"Accesos","Access Control Details","ACCESOS ADA HTCL","Raul GOMEZ","Global Risk","Ray N O'BRIEN","Chile","2017-06-14 13:04:30",
77,74,"NA",244392,"ABONO A COMERCIOS","Transaction and Payments Details","ABONO A COMERCIOS MX","Raul GOMEZ","Retail Banking & Wealth Management","David A GRIMME","Mexico","2017-06-14 13:06:25",
78,75,"NA",244392,"ABONO A COMERCIOS","Transaction and Payments Details","ABONO A COMERCIOS MX","Raul GOMEZ","Retail Banking & Wealth Management","David A GRIMME","Mexico","2017-06-14 13:08:09",
79,76,"NA",244392,"ABONO A COMERCIOS","Transaction and Payments Details","ABONO A COMERCIOS MX","Raul GOMEZ","Retail Banking & Wealth Management","David A GRIMME","Mexico","2017-06-15 06:25:55",
80,77,"NA",244392,"ABONO A COMERCIOS","Transaction and Payments Details","ABONO A COMERCIOS MX","Raul GOMEZ","Retail Banking & Wealth Management","David A GRIMME","Mexico","2017-06-15 07:15:34",
81,78,"NA",244392,"ABONO A COMERCIOS","Transaction and Payments Details","ABONO A COMERCIOS MX","Raul GOMEZ","Retail Banking & Wealth Management","David A GRIMME","Mexico","2017-06-15 09:13:14",
82,79,"NA",244392,"ABONO A COMERCIOS","Transaction and Payments Details","ABONO A COMERCIOS MX","Raul GOMEZ","Retail Banking & Wealth Management","David A GRIMME","Mexico","2017-06-15 09:56:52",
83,80,"NA",355351,"Altus Emessaging","Access Control Details","ALTUS EMESSAGING","Raul GOMEZ","Retail Banking & Wealth Management","David A GRIMME","United Kingdom","2017-06-16 07:43:06",
84,81,"NA",337325,"ATM Physical Security","Access Control Details","ATM Physical Security USA","Raul GOMEZ","Global Risk","Ray N O'BRIEN","United States","2017-06-16 07:54:57",
85,82,"NA",868592,"Accesos","Access Control Details","ACCESOS ADA HTCL","Raul GOMEZ","Global Risk","Ray N O'BRIEN","Chile","2017-06-16 08:06:49",
86,83,"NA",868592,"Accesos","Access Control Details","ACCESOS ADA HTCL","Raul GOMEZ","Global Risk","Ray N O'BRIEN","Chile","2017-06-16 08:13:55",
87,84,"NA",355351,"Altus Emessaging","Access Control Details","ALTUS EMESSAGING","Raul GOMEZ","Retail Banking & Wealth Management","David A GRIMME","United Kingdom","2017-06-16 08:27:04",
88,85,"NA",1494366,"Auto Holding Reconciliation Exception Report  GHSS vs PTI","Trade Account","Auto Holding Reconciliation Exception Report  GHSS vs PTI TH","Raul GOMEZ","Global Banking & Markets","David BURNETT","Thailand","2017-06-18 04:58:28",
89,86,"NA",240352,"Consolidated Application System","Contract Financial Value","Consolidated Application System","Raul GOMEZ","Retail Banking & Wealth Management","David A GRIMME","Turkey","2017-06-19 06:57:11",
90,87,"NA",244361,"Authorization and Authentication","Employee Relation Case","A&A (Authentication and Authorization)","Raul GOMEZ","Retail Banking & Wealth Management","David A GRIMME","Turkey","2017-06-19 07:47:16",
91,88,"NA",237786,"Administracion Paquetes de Producto","Customer Account","Administracion Paquetes de Producto","Raul GOMEZ","Retail Banking & Wealth Management","David A GRIMME","Argentina","2017-06-19 07:51:06",
92,89,"NA",237488,"ANADEFI","Asset Valuation Data","ANADEFI France","Raul GOMEZ","Global Risk","Ray N O'BRIEN","France","2017-06-20 05:34:40",
