"project_id","project_name","description","purpose","clarity_code","key_contacts","estimated_hours","user_id","stage","stamp_created"
31,"Project 1","Test Description","Risk",123456,"Aswin",123,2,"Prepare","2017-06-07 19:47:52"
32,"Project 6","jkl","dummy",7,"me & you",100,2,"Prepare","2017-06-08 07:04:32"
33,"Project 1 ","Test Description","Test Purpose",45353,"Aswin",120,2,"Prepare","2017-06-08 11:11:22"
34,"Project 8","Risk and Analysis","Test for Plan",324567,"Srinivas ",120,2,"Prepare","2017-06-08 19:03:41"
35,"Project 9","Project Description","Testing",234567,"Phaneesh",100,2,"Plan","2017-06-08 19:24:51"
36,"Project 10","Test OK ","Testing Purpose",567890,"Santosh",24,2,"Plan","2017-06-08 19:31:04"
37,"Project 10","Risk and Analysis","Purpose",234567,"Phaneesh",120,2,"Prepare","2017-06-09 06:20:31"
38,"Project 11","Project Description","Test Purpose",456789,"Sai Natti",120,2,"Prepare","2017-06-09 06:44:49"
39,"Risk identify","Risk identify","For ensuring we are risk safe",83749273,"Ruwan Perara",100,2,"Prepare","2017-06-09 07:34:34"
40,"RISK ANALYSIS","ANALYSE RETAIL DATA","ASAS",12233,"32320920",16,2,"Prepare","2017-06-12 11:54:22"
41,"Project 12","Test Description","Risk",789564,"Ruwan Parera",120,2,"Plan","2017-06-12 12:39:05"
42,"Project 14","Test","My Purpose",789456,"Aswin",108,2,"Define","2017-06-12 12:41:56"
43,"Project 15","Test Description ","Dual Purpose",345656,"Aswin Kumar",120,2,"Prepare","2017-06-12 19:10:20"
44,"test","test","test",12223,"tets",32,2,"Prepare","2017-06-13 08:07:50"
45,"Risk Identification","Risk Identification","Identify risk at an early stage",4098080,"Sundaram, Chris",100,2,"Prepare","2017-06-13 12:24:38"
46,"Risk identification","Risk Analysis","ahsha",1828282828,"376373737",190,2,"Prepare","2017-06-14 05:41:38"
47,"asajh","amkkskk","ldlkk",182892929,"3283838",180,2,"Prepare","2017-06-14 05:58:30"
48,"Demo readiness today","Testing Demo","Sprint show and tell",76892737,"3820921929",180,2,"Plan","2017-06-14 06:35:23"
49,"Fraud analysis","Detection of fraudulent transactions","fraud detection",11231,"sarah keane",100,2,"Plan","2017-06-14 10:22:58"
50,"Fraud analysis","Detection of fraudulent transactions","fraud detection",11231,"sarah keane",100,2,"Plan","2017-06-14 10:24:58"
51,"Demo Handover","This has been a pain","I need to get rid of this",987349743,"Steven, Jon",150,2,"Define","2017-06-14 11:52:52"
52,"Test Project","descr","Test",234567,"Ruwan",120,2,"Plan","2017-06-14 13:05:13"
53,"Test Project","Test Desc","Test Purpose",123456,"Ruwan",120,2,"Plan","2017-06-14 13:07:05"
54,"Risk Data Identification","Risk Data Identification","Risk Data Identification",2873648,"Ruwan, Steven",100,2,"Prepare","2017-06-14 13:08:50"
55,"Banking payments","asas","initiate Payments",363635,"3823827",120,2,"Prepare","2017-06-15 06:50:57"
56,"Test","Test AbInitio","Risk",123456,"Aswin",120,2,"Plan","2017-06-15 06:50:57"
57,"Test","Test","Test",984398,"Ruwan",100,2,"Plan","2017-06-15 09:13:28"
58,"Test","Test","Test",984398,"Ruwan",100,2,"Plan","2017-06-15 09:13:42"
59,"Check Project","Check Project","Check Project",98732497,"Ruwan",100,2,"Prepare","2017-06-15 09:57:14"
60,"testA","test project","soooo",123,"Raul",32,2,"Plan","2017-06-15 11:14:00"
61,"testA","test project","soooo",123,"Raul",32,2,"Plan","2017-06-15 11:15:50"
62,"testA","test project","soooo",123,"Raul",32,2,"Plan","2017-06-15 11:15:53"
63,"testA","test project","soooo",123,"Raul",32,2,"Plan","2017-06-15 11:15:56"
64,"testA","test project","soooo",123,"Raul",32,2,"Plan","2017-06-15 11:16:04"
65,"testA","test project","soooo",123,"Raul",32,2,"Plan","2017-06-15 11:16:04"
66,"testA","test project","soooo",123,"Raul",32,2,"Plan","2017-06-15 11:16:04"
67,"testA","test project","soooo",123,"Raul",32,2,"Plan","2017-06-15 11:16:07"
68,"testA","test project","soooo",123,"Raul",32,2,"Plan","2017-06-16 05:58:31"
69,"ProjectTest","testing","test",18929,"testperson",45,2,"Plan","2017-06-16 07:43:58"
70,"Test12","project ","testing1",12323,"tester",34,2,"Plan","2017-06-16 07:55:46"
71,"test123","ddas","sc",232,"xzc",45,2,"Plan","2017-06-16 08:07:21"
72,"Aswintest","dsf","dffds",2324,"zxvcxv",45,2,"Plan","2017-06-16 08:14:26"
73,"Intest","sads","dgdf",2334,"zxc",45,2,"Plan","2017-06-16 08:27:41"
74,"Project Browser","Test","Testing",123456,"Aswin",120,2,"Plan","2017-06-18 04:59:39"
75,"testA","test project","soooo",123,"Raul",32,2,"Plan","2017-06-20 05:01:50"
76,"testA","test project","soooo",123,"Raul",32,2,"Plan","2017-06-20 05:03:17"
