"project_system_id","app_inst_id","project_id","justify","data_retention","frequency","application_name","ingestion_type"
3,244392,31,"Risk","84","Weekly","ABONO A COMERCIOS","Acquisition"
4,244392,32,"fhgh","1","Weekly","ABONO A COMERCIOS","qqq"
5,244392,33,"Test","84","Monthly","ABONO A COMERCIOS","Acquisition"
6,244392,34,"Test","84","Weekly","ABONO A COMERCIOS","Acquisition"
7,244392,35,"Test","84","Monthly","ABONO A COMERCIOS","Acquisition"
8,244392,36,"Test","80","Monthly","ABONO A COMERCIOS","Acquisition"
9,244392,37,"Risk","84","Monthly","ABONO A COMERCIOS","RDBMS"
10,244392,38,"Risk","84","Monthly","ABONO A COMERCIOS","Test"
11,244392,39,"Customer Data","84","Weekly","ABONO A COMERCIOS","Database"
12,244392,40,"RISK ANALYSIS","24","Weekly","ABONO A COMERCIOS","RDMS"
13,244392,41,"Test","84","Monthly","ABONO A COMERCIOS","Real Time"
14,244392,42,"Risk and Analysis","84","Monthly","ABONO A COMERCIOS","CDC"
15,868592,43,"Test","84","Monthly","Accesos","CDC"
16,355351,43,"Something","85","Weekly","Altus Emessaging","Kafka"
17,244392,44,"test","24","Weekly","ABONO A COMERCIOS","test"
18,244392,45,"Customer Data","84","Weekly","ABONO A COMERCIOS","Database"
19,244392,46,"Analyse Retail data","24","Weekly","ABONO A COMERCIOS","RDBMS"
20,244392,47,"AJKKHS","24","Weekly","ABONO A COMERCIOS","RDBMS"
21,244392,48,"Sprint activity","24","Weekly","ABONO A COMERCIOS","RDBMS"
22,244392,49,"Risk analysis","12","Weekly","ABONO A COMERCIOS","Database"
23,244392,50,"Risk analysis","12","Weekly","ABONO A COMERCIOS","Database"
24,244392,51,"Customer Data","84","Weekly","ABONO A COMERCIOS","Database"
25,868592,52,"Test","84","Monthly","Accesos","Oracle"
26,244392,53,"Risk","84","RealTime","ABONO A COMERCIOS","Test"
27,244392,54,"None","84","Monthly","ABONO A COMERCIOS","Database"
28,244392,55,"ajsskaj","24","OneTime","ABONO A COMERCIOS","Database"
29,244392,57,"None","84","Monthly","ABONO A COMERCIOS","Database"
30,244392,58,"None","84","Monthly","ABONO A COMERCIOS","Database"
31,244392,59,"Check","84","Monthly","ABONO A COMERCIOS","Database"
32,111,60,"project need123","6","Weekly","appA","acquisition"
33,222,60,"project need456","5","Monthly","appB","acquisition"
34,111,61,"project need123","6","Weekly","appA","acquisition"
35,222,61,"project need456","5","Monthly","appB","acquisition"
36,111,62,"project need123","6","Weekly","appA","acquisition"
37,222,62,"project need456","5","Monthly","appB","acquisition"
38,111,63,"project need123","6","Weekly","appA","acquisition"
39,222,63,"project need456","5","Monthly","appB","acquisition"
40,111,64,"project need123","6","Weekly","appA","acquisition"
41,222,64,"project need456","5","Monthly","appB","acquisition"
42,111,65,"project need123","6","Weekly","appA","acquisition"
43,222,65,"project need456","5","Monthly","appB","acquisition"
44,111,66,"project need123","6","Weekly","appA","acquisition"
45,222,66,"project need456","5","Monthly","appB","acquisition"
46,111,67,"project need123","6","Weekly","appA","acquisition"
47,222,67,"project need456","5","Monthly","appB","acquisition"
48,111,68,"project need123","6","Weekly","appA","acquisition"
49,222,68,"project need456","5","Monthly","appB","acquisition"
50,355351,69,"test","56","Weekly","Altus Emessaging","oracle"
51,337325,70,"testing","45","Weekly","ATM Physical Security","oracle"
52,868592,71,"wd","23","Weekly","Accesos","oracle"
53,868592,72,"fdf","23","Weekly","Accesos","oracle"
54,355351,73,"wdwad","34","Weekly","Altus Emessaging","Flatfile"
55,1494366,74,"Testing","84","Monthly","Auto Holding Reconciliation Exception Report  GHSS vs PTI","Real Time"
56,111,75,"project need123","6","Weekly","appA","acquisition"
57,222,75,"project need456","5","Monthly","appB","acquisition"
58,111,76,"project need123","6","Weekly","appA","acquisition"
59,222,76,"project need456","5","Monthly","appB","acquisition"
