"project_id","app_inst_id","parent_source_id","source_schema_name","source_attribute_name_value","request_id"
37,244392,1,"schema22","{""driver"":""oracle"",""databaseServer"":""server"",""databasePort"":""name2"",""databaseUserName"":""schema22"",""databasePassword"":""user2"",""databaseName"":""version2""}",
44,868593,1,"Test","{""Driver"":""oracle"",""Database Server"":""server"",""Database Port"":""name2"",""Database User Name"":""schema22"",""Database Password"":""user2"",""Database Name"":""version2""}",0
43,868592,1,"Test1","{""driver"":""oracle"",""databaseServer"":""server"",""databasePort"":""name2"",""databaseUserName"":""schema22"",""databasePassword"":""user2"",""databaseName"":""version2""}",0
48,868592,1,"Test1","{""db_type"":""postgresql"",""db_server"":""localhost"",""db_name"":""AdventureWorks"",""db_schema"":""postgres"",""db_user"":""postgres"",""db_version"":""5.7"",""db_port""·:·""7001"",·""password"":""9xlYr6idXdOnC1xDE8V7BQ==""}",12345
39,244392,4,"KafkaTest","{""listofServers"":""A"",""clusterID"":""123"",""compressionType"":""B"",""producerType"":""C"",""batchSize"":""10"",""producerMaxMessageSize"":""20"",""acknowledgement"":""D"",""noOfReplicationFetchers"":""5"",""replicationFactorOffset"":""7"",""maxPartitions"":""9"",""consumerMaxMessageSize"":""7""}",12345
59,244392,1,"oracle_schema","{""driver"":""oracle"",""databaseServer"":""server"",""databasePort"":""name2"",""databaseUserName"":""schema22"",""databasePassword"":""LtCx75U0qVvedlqDRgySCAu003du003d"",""databaseName"":""version2""}",
59,244392,4,"KafkaSchema","{""listofServers"":""A"",""clusterID"":""123"",""compressionType"":""B"",""producerType"":""C"",""batchSize"":""10"",""producerMaxMessageSize"":""20"",""acknowledgement"":""D"",""noOfReplicationFetchers"":""5"",""replicationFactorOffset"":""7"",""maxPartitions"":""9"",""consumerMaxMessageSize"":""7""}",
56,868593,1,"Test","{""db_type"":""postgresql"",""db_server"":""localhost"",""db_name"":""AdventureWorks"",""db_schema"":""postgres"",""db_user"":""postgres"",""db_version"":""5.7"",""db_port"":""7001"",""password"":""9xlYr6idXdOnC1xDE8V7BQ==""}",345123
