"source_label_id","parent_source_id","source_label","source_description"
1,3,"C:D node name",
2,3,"Server Name",
3,3,"IP Address",
4,3,"Port Number",
5,1,"DB Version","11.2"
6,1,"DB Home","Opt/Oraapp/Client/12.1.0.2_x64_DBAcc1028"
7,1,"DB Name","UHGL"
8,1,"Db Nodes ","localhost"
9,1,"TNS Admin","/abnitio/storage/vm/aspbcba/Tns_Admin"
10,1,"User","RESA_SAU_ASPBCBS239"
11,1,"Case","lower"
12,1,"DB Version","11.4"
13,1,"DB Home","DBAcc1028"
14,1,"DB Name","UHGL1.2"
15,1,"Db Nodes ","localhost1.2"
16,1,"TNS Admin","Tns_Admin1.2"
17,1,"User","RESA_SAU_ASPBCBS2391.2"
18,1,"Case","lower1.2"
